-- MySQL dump 10.13  Distrib 5.7.32, for Win64 (x86_64)
--
-- Host: localhost    Database: nfa021
-- ------------------------------------------------------
-- Server version	8.0.21

/*!40101 SET @OLD_CHARACTER_SET_CLIENT=@@CHARACTER_SET_CLIENT */;
/*!40101 SET @OLD_CHARACTER_SET_RESULTS=@@CHARACTER_SET_RESULTS */;
/*!40101 SET @OLD_COLLATION_CONNECTION=@@COLLATION_CONNECTION */;
/*!40101 SET NAMES utf8 */;
/*!40103 SET @OLD_TIME_ZONE=@@TIME_ZONE */;
/*!40103 SET TIME_ZONE='+00:00' */;
/*!40014 SET @OLD_UNIQUE_CHECKS=@@UNIQUE_CHECKS, UNIQUE_CHECKS=0 */;
/*!40014 SET @OLD_FOREIGN_KEY_CHECKS=@@FOREIGN_KEY_CHECKS, FOREIGN_KEY_CHECKS=0 */;
/*!40101 SET @OLD_SQL_MODE=@@SQL_MODE, SQL_MODE='NO_AUTO_VALUE_ON_ZERO' */;
/*!40111 SET @OLD_SQL_NOTES=@@SQL_NOTES, SQL_NOTES=0 */;

--
-- Table structure for table `categorie`
--

DROP TABLE IF EXISTS `categorie`;
/*!40101 SET @saved_cs_client     = @@character_set_client */;
/*!40101 SET character_set_client = utf8 */;
CREATE TABLE `categorie` (
  `id` bigint NOT NULL AUTO_INCREMENT,
  `nom` varchar(255) DEFAULT NULL,
  PRIMARY KEY (`id`)
) ENGINE=MyISAM AUTO_INCREMENT=5 DEFAULT CHARSET=utf8mb4 COLLATE=utf8mb4_0900_ai_ci;
/*!40101 SET character_set_client = @saved_cs_client */;

--
-- Dumping data for table `categorie`
--

LOCK TABLES `categorie` WRITE;
/*!40000 ALTER TABLE `categorie` DISABLE KEYS */;
INSERT INTO `categorie` VALUES (1,'Sauce'),(2,'Poisson'),(3,'Viande'),(4,'Boisson');
/*!40000 ALTER TABLE `categorie` ENABLE KEYS */;
UNLOCK TABLES;

--
-- Table structure for table `historique`
--

DROP TABLE IF EXISTS `historique`;
/*!40101 SET @saved_cs_client     = @@character_set_client */;
/*!40101 SET character_set_client = utf8 */;
CREATE TABLE `historique` (
  `id` bigint NOT NULL AUTO_INCREMENT,
  `action` varchar(255) DEFAULT NULL,
  `date_and_time` datetime DEFAULT NULL,
  `utilisateur_id` bigint DEFAULT NULL,
  PRIMARY KEY (`id`),
  KEY `FKapis6adjm795lp61gp45lktpq` (`utilisateur_id`)
) ENGINE=MyISAM AUTO_INCREMENT=4 DEFAULT CHARSET=utf8mb4 COLLATE=utf8mb4_0900_ai_ci;
/*!40101 SET character_set_client = @saved_cs_client */;

--
-- Dumping data for table `historique`
--

LOCK TABLES `historique` WRITE;
/*!40000 ALTER TABLE `historique` DISABLE KEYS */;
INSERT INTO `historique` VALUES (1,'save utilisateur 2','2021-06-19 15:33:14',1),(2,'save refrigerateur 1','2021-06-19 15:33:54',2),(3,'save refrigerateur-temperature1','2021-06-19 15:34:01',2);
/*!40000 ALTER TABLE `historique` ENABLE KEYS */;
UNLOCK TABLES;

--
-- Table structure for table `produit`
--

DROP TABLE IF EXISTS `produit`;
/*!40101 SET @saved_cs_client     = @@character_set_client */;
/*!40101 SET character_set_client = utf8 */;
CREATE TABLE `produit` (
  `id` bigint NOT NULL AUTO_INCREMENT,
  `duree_de_conservation_en_jours` int DEFAULT NULL,
  `nom` varchar(255) DEFAULT NULL,
  `categorie_id` bigint DEFAULT NULL,
  PRIMARY KEY (`id`),
  KEY `FK52xhp55kbbl6u4rbluxm3g9hw` (`categorie_id`)
) ENGINE=MyISAM AUTO_INCREMENT=14 DEFAULT CHARSET=utf8mb4 COLLATE=utf8mb4_0900_ai_ci;
/*!40101 SET character_set_client = @saved_cs_client */;

--
-- Dumping data for table `produit`
--

LOCK TABLES `produit` WRITE;
/*!40000 ALTER TABLE `produit` DISABLE KEYS */;
INSERT INTO `produit` VALUES (1,3,'Cabillaud',2),(2,3,'Dorade',2),(3,3,'Saumon',2),(4,4,'Sauce tartare',1),(5,4,'Sauce Béarnaise',1),(6,3,'Sauce pesto',1),(7,4,'Sauce chèvre',1),(8,4,'Sauce burger',1),(9,1,'Sauce salade',3),(10,2,'Sauce salade',3),(11,3,'Sauce salade',3),(12,3,'Sauce salade',3),(13,3,'Sauce salade',3);
/*!40000 ALTER TABLE `produit` ENABLE KEYS */;
UNLOCK TABLES;

--
-- Table structure for table `refrigerateur`
--

DROP TABLE IF EXISTS `refrigerateur`;
/*!40101 SET @saved_cs_client     = @@character_set_client */;
/*!40101 SET character_set_client = utf8 */;
CREATE TABLE `refrigerateur` (
  `id` bigint NOT NULL AUTO_INCREMENT,
  `code` varchar(255) DEFAULT NULL,
  PRIMARY KEY (`id`)
) ENGINE=MyISAM AUTO_INCREMENT=2 DEFAULT CHARSET=utf8mb4 COLLATE=utf8mb4_0900_ai_ci;
/*!40101 SET character_set_client = @saved_cs_client */;

--
-- Dumping data for table `refrigerateur`
--

LOCK TABLES `refrigerateur` WRITE;
/*!40000 ALTER TABLE `refrigerateur` DISABLE KEYS */;
INSERT INTO `refrigerateur` VALUES (1,'Frigo 1');
/*!40000 ALTER TABLE `refrigerateur` ENABLE KEYS */;
UNLOCK TABLES;

--
-- Table structure for table `refrigerateur_temperature`
--

DROP TABLE IF EXISTS `refrigerateur_temperature`;
/*!40101 SET @saved_cs_client     = @@character_set_client */;
/*!40101 SET character_set_client = utf8 */;
CREATE TABLE `refrigerateur_temperature` (
  `id` bigint NOT NULL AUTO_INCREMENT,
  `date_time` datetime DEFAULT NULL,
  `max_temperature` double NOT NULL,
  `min_temperature` double NOT NULL,
  `refrigerateur_id` bigint DEFAULT NULL,
  PRIMARY KEY (`id`),
  KEY `FKo7oat1jpg7d0bx5xl3bhv4hyx` (`refrigerateur_id`)
) ENGINE=MyISAM AUTO_INCREMENT=2 DEFAULT CHARSET=utf8mb4 COLLATE=utf8mb4_0900_ai_ci;
/*!40101 SET character_set_client = @saved_cs_client */;

--
-- Dumping data for table `refrigerateur_temperature`
--

LOCK TABLES `refrigerateur_temperature` WRITE;
/*!40000 ALTER TABLE `refrigerateur_temperature` DISABLE KEYS */;
INSERT INTO `refrigerateur_temperature` VALUES (1,'2021-06-19 15:34:01',5,-3,1);
/*!40000 ALTER TABLE `refrigerateur_temperature` ENABLE KEYS */;
UNLOCK TABLES;

--
-- Table structure for table `role`
--

DROP TABLE IF EXISTS `role`;
/*!40101 SET @saved_cs_client     = @@character_set_client */;
/*!40101 SET character_set_client = utf8 */;
CREATE TABLE `role` (
  `id` bigint NOT NULL AUTO_INCREMENT,
  `nom` varchar(255) DEFAULT NULL,
  PRIMARY KEY (`id`)
) ENGINE=MyISAM AUTO_INCREMENT=3 DEFAULT CHARSET=utf8mb4 COLLATE=utf8mb4_0900_ai_ci;
/*!40101 SET character_set_client = @saved_cs_client */;

--
-- Dumping data for table `role`
--

LOCK TABLES `role` WRITE;
/*!40000 ALTER TABLE `role` DISABLE KEYS */;
INSERT INTO `role` VALUES (1,'UTILISATEUR'),(2,'ADMIN');
/*!40000 ALTER TABLE `role` ENABLE KEYS */;
UNLOCK TABLES;

--
-- Table structure for table `stock_produit`
--

DROP TABLE IF EXISTS `stock_produit`;
/*!40101 SET @saved_cs_client     = @@character_set_client */;
/*!40101 SET character_set_client = utf8 */;
CREATE TABLE `stock_produit` (
  `id` bigint NOT NULL AUTO_INCREMENT,
  `date_dinsertion` datetime DEFAULT NULL,
  `quantite` int DEFAULT NULL,
  `status` varchar(255) DEFAULT NULL,
  `produit_id` bigint DEFAULT NULL,
  PRIMARY KEY (`id`),
  KEY `FK1lnsn9h1evyxwnnktixqo2wc` (`produit_id`)
) ENGINE=MyISAM AUTO_INCREMENT=2 DEFAULT CHARSET=utf8mb4 COLLATE=utf8mb4_0900_ai_ci;
/*!40101 SET character_set_client = @saved_cs_client */;

--
-- Dumping data for table `stock_produit`
--

LOCK TABLES `stock_produit` WRITE;
/*!40000 ALTER TABLE `stock_produit` DISABLE KEYS */;
INSERT INTO `stock_produit` VALUES (1,'2021-06-19 15:42:11',10,'OK',1);
/*!40000 ALTER TABLE `stock_produit` ENABLE KEYS */;
UNLOCK TABLES;

--
-- Table structure for table `utilisateur`
--

DROP TABLE IF EXISTS `utilisateur`;
/*!40101 SET @saved_cs_client     = @@character_set_client */;
/*!40101 SET character_set_client = utf8 */;
CREATE TABLE `utilisateur` (
  `id` bigint NOT NULL AUTO_INCREMENT,
  `adresse_mail` varchar(255) DEFAULT NULL,
  `login` varchar(255) DEFAULT NULL,
  `mot_de_passe` varchar(255) DEFAULT NULL,
  `nom` varchar(255) DEFAULT NULL,
  `prenom` varchar(255) DEFAULT NULL,
  `role_id` bigint DEFAULT NULL,
  PRIMARY KEY (`id`),
  KEY `FKaqe8xtajee4k0wlqrvh2pso4l` (`role_id`)
) ENGINE=MyISAM AUTO_INCREMENT=4 DEFAULT CHARSET=utf8mb4 COLLATE=utf8mb4_0900_ai_ci;
/*!40101 SET character_set_client = @saved_cs_client */;

--
-- Dumping data for table `utilisateur`
--

LOCK TABLES `utilisateur` WRITE;
/*!40000 ALTER TABLE `utilisateur` DISABLE KEYS */;
INSERT INTO `utilisateur` VALUES (1,'csns@gmail.com','csns','$2a$10$JsC.ZH9hFfsPjtOU2UIjjeg3tct7gZyVrT4mfIJuCXa7FDJbNBFP.','Sepetauskas','Catia',2),(2,'teste.teste@teste.com','teste','$2a$10$b03L/SaJlJCF/slfWS3ROeFO0Wk9M/PZ3xw5s5lC8N71JRrNYeJIa','Teste','Teste',1),(3,'sueli@gmail.com','sueli','$2y$10$c6BhfcKBpDOX7RFO5xSs6O8.mFT4Ud7R3bla8J5IxfLs7DpggeC3K','Nascimento','Sueli',1);
/*!40000 ALTER TABLE `utilisateur` ENABLE KEYS */;
UNLOCK TABLES;

--
-- Dumping routines for database 'nfa021'
--
/*!40103 SET TIME_ZONE=@OLD_TIME_ZONE */;

/*!40101 SET SQL_MODE=@OLD_SQL_MODE */;
/*!40014 SET FOREIGN_KEY_CHECKS=@OLD_FOREIGN_KEY_CHECKS */;
/*!40014 SET UNIQUE_CHECKS=@OLD_UNIQUE_CHECKS */;
/*!40101 SET CHARACTER_SET_CLIENT=@OLD_CHARACTER_SET_CLIENT */;
/*!40101 SET CHARACTER_SET_RESULTS=@OLD_CHARACTER_SET_RESULTS */;
/*!40101 SET COLLATION_CONNECTION=@OLD_COLLATION_CONNECTION */;
/*!40111 SET SQL_NOTES=@OLD_SQL_NOTES */;

-- Dump completed on 2021-06-19 17:46:16
